Workbook

Sheet 様式３
A1: 危険有害要因調査票
F2: 作業場名 | H2: S011講義室
F3: 責任者 | H3: 佐野文哉
F4: 作 成 日 | H4: 43722
A6: 作業名 | B6: 作業状態 | C6: 危険有害要因 | D6: 予測される災害 | E6: 発生 率 | F6: 接近 度 | G6: 被害 | H6: リスク レベル | I6: 対 策
I7: 状況 | J7: 日付
A8: 舞台組み立て | B8: 常時 | C8: 頭上への落下物（工具など） | D8: 怪我 | E8: 1 | F8: 1 | G8: 1 | H8: =IF(SUM(E8*F8*G8)=0,0,IF(SUM(E8*F8*G8)<6,"Ⅰ",IF(SUM(E8*F8*G8)<20,"Ⅱ",IF(SUM(E8*F8*G8)<37,"Ⅲ","Ⅳ")))) -> Ⅰ | I8: 済み | J8: 43722
A9: 舞台組み立て | B9: 常時 | C9: 脚立が倒れる | D9: 怪我 | E9: 1 | F9: 1 | G9: 1 | H9: =IF(SUM(E10*F10*G10)=0,0,IF(SUM(E10*F10*G10)<6,"Ⅰ",IF(SUM(E10*F10*G10)<20,"Ⅱ",IF(SUM(E10*F10*G10)<37,"Ⅲ","Ⅳ")))) -> Ⅰ | I9: 済み | J9: 43722
A10: 照明設置 | B10: 常時 | C10: 頭上への落下物（工具など） | D10: 怪我 | E10: 1 | F10: 1 | G10: 1 | H10: =IF(SUM(E11*F11*G11)=0,0,IF(SUM(E11*F11*G11)<6,"Ⅰ",IF(SUM(E11*F11*G11)<20,"Ⅱ",IF(SUM(E11*F11*G11)<37,"Ⅲ","Ⅳ")))) -> Ⅰ | I10: 済み | J10: 43722
A11: 照明設置 | B11: 常時 | C11: 照明 | D11: 感電 | E11: 1 | F11: 1 | G11: 1 | H11: Ⅰ | I11: 済み | J11: 43722
A12: 照明設置 | B12: 常時 | C12: 照明 | D12: 火災 | E12: 1 | F12: 1 | G12: 3 | H12: =IF(SUM(E12*F12*G12)=0,0,IF(SUM(E12*F12*G12)<6,"Ⅰ",IF(SUM(E12*F12*G12)<20,"Ⅱ",IF(SUM(E12*F12*G12)<37,"Ⅲ","Ⅳ")))) -> Ⅰ | I12: 済み | J12: 43722
A13: 客入れ | B13: 常時 | C13: 暗闇 | D13: 足元が見えず転倒 | E13: 1 | F13: 1 | G13: 1 | H13: =IF(SUM(E13*F13*G13)=0,0,IF(SUM(E13*F13*G13)<6,"Ⅰ",IF(SUM(E13*F13*G13)<20,"Ⅱ",IF(SUM(E13*F13*G13)<37,"Ⅲ","Ⅳ")))) -> Ⅰ | I13: 済み | J13: 43722
A14: 客出し | B14: 常時 | C14: 暗闇 | D14: 足元が見えず転倒 | E14: 1 | F14: 1 | G14: 1 | H14: =IF(SUM(E14*F14*G14)=0,0,IF(SUM(E14*F14*G14)<6,"Ⅰ",IF(SUM(E14*F14*G14)<20,"Ⅱ",IF(SUM(E14*F14*G14)<37,"Ⅲ","Ⅳ")))) -> Ⅰ | I14: 済み | J14: 43722
A15: 片付け | B15: 常時 | C15: 頭上への落下物（工具など） | D15: 怪我 | E15: 1 | F15: 1 | G15: 1 | H15: =IF(SUM(E15*F15*G15)=0,0,IF(SUM(E15*F15*G15)<6,"Ⅰ",IF(SUM(E15*F15*G15)<20,"Ⅱ",IF(SUM(E15*F15*G15)<37,"Ⅲ","Ⅳ")))) -> Ⅰ | I15: 済み | J15: 43722
H16: =IF(SUM(E16*F16*G16)=0,0,IF(SUM(E16*F16*G16)<6,"Ⅰ",IF(SUM(E16*F16*G16)<20,"Ⅱ",IF(SUM(E16*F16*G16)<37,"Ⅲ","Ⅳ")))) -> 0
H17: =IF(SUM(E17*F17*G17)=0,0,IF(SUM(E17*F17*G17)<6,"Ⅰ",IF(SUM(E17*F17*G17)<20,"Ⅱ",IF(SUM(E17*F17*G17)<37,"Ⅲ","Ⅳ")))) -> 0
H18: =IF(SUM(E18*F18*G18)=0,0,IF(SUM(E18*F18*G18)<6,"Ⅰ",IF(SUM(E18*F18*G18)<20,"Ⅱ",IF(SUM(E18*F18*G18)<37,"Ⅲ","Ⅳ")))) -> 0
H19: =IF(SUM(E19*F19*G19)=0,0,IF(SUM(E19*F19*G19)<6,"Ⅰ",IF(SUM(E19*F19*G19)<20,"Ⅱ",IF(SUM(E19*F19*G19)<37,"Ⅲ","Ⅳ")))) -> 0
H20: =IF(SUM(E20*F20*G20)=0,0,IF(SUM(E20*F20*G20)<6,"Ⅰ",IF(SUM(E20*F20*G20)<20,"Ⅱ",IF(SUM(E20*F20*G20)<37,"Ⅲ","Ⅳ")))) -> 0
H21: =IF(SUM(E21*F21*G21)=0,0,IF(SUM(E21*F21*G21)<6,"Ⅰ",IF(SUM(E21*F21*G21)<20,"Ⅱ",IF(SUM(E21*F21*G21)<37,"Ⅲ","Ⅳ")))) -> 0
H22: =IF(SUM(E22*F22*G22)=0,0,IF(SUM(E22*F22*G22)<6,"Ⅰ",IF(SUM(E22*F22*G22)<20,"Ⅱ",IF(SUM(E22*F22*G22)<37,"Ⅲ","Ⅳ")))) -> 0
H23: =IF(SUM(E23*F23*G23)=0,0,IF(SUM(E23*F23*G23)<6,"Ⅰ",IF(SUM(E23*F23*G23)<20,"Ⅱ",IF(SUM(E23*F23*G23)<37,"Ⅲ","Ⅳ")))) -> 0
H24: =IF(SUM(E24*F24*G24)=0,0,IF(SUM(E24*F24*G24)<6,"Ⅰ",IF(SUM(E24*F24*G24)<20,"Ⅱ",IF(SUM(E24*F24*G24)<37,"Ⅲ","Ⅳ")))) -> 0
H25: =IF(SUM(E25*F25*G25)=0,0,IF(SUM(E25*F25*G25)<6,"Ⅰ",IF(SUM(E25*F25*G25)<20,"Ⅱ",IF(SUM(E25*F25*G25)<37,"Ⅲ","Ⅳ")))) -> 0
H26: =IF(SUM(E26*F26*G26)=0,0,IF(SUM(E26*F26*G26)<6,"Ⅰ",IF(SUM(E26*F26*G26)<20,"Ⅱ",IF(SUM(E26*F26*G26)<37,"Ⅲ","Ⅳ")))) -> 0
H27: =IF(SUM(E27*F27*G27)=0,0,IF(SUM(E27*F27*G27)<6,"Ⅰ",IF(SUM(E27*F27*G27)<20,"Ⅱ",IF(SUM(E27*F27*G27)<37,"Ⅲ","Ⅳ")))) -> 0

Sheet 様式４
A1: 平成30年度 安全衛生マネジメント活動報告書
A2: 作業場名 | C2: S011 | E2: 調査者 | F2: 演劇研究部 | AE2: 作業場責任者
A3: 調査年月日 | C3: 43722 | F3: 佐野文哉
A4: 報告年月日 | C4: 43738 | E4: 立会者 | F4: 山田さくら
A6: 総合評価 | C6: 特に事故は起こっていないが、慢心、油断せずこれからも常に気を張って作業に取り組むべきだ。
B9: 作業名 | D9: 危険有害要因 | F9: 予想される災害 | H9: 既存の 災害防止対策 | J9: 既存リスク | N9: 許 容 可 否 | O9: 総合評価 | V9: 優先順位 | W9: 対策後の リスク | AA9: 対応措置
J11: 発 生 度 | K11: 接 近 度 | L11: 被 害 | M11: レ ベ ル | O11: （リスク低減策・優先度） | W11: 発 生 度 | X11: 近 接 度 | Y11: 被 害 | Z11: レ ベ ル | AA11: 対 策 実施日 | AD11: 今後の 検討事項
A12: 1 | B12: =+様式３!A8 -> 舞台組み立て | D12: =+様式３!C8 -> 頭上への落下物（工具など） | F12: =+様式３!D8 -> 怪我 | H12: ヘルメット着用 | J12: =+様式３!E8 -> 1 | K12: =+様式３!F8 -> 1 | L12: 1 | M12: =+様式３!H8 -> Ⅰ | N12: =IF(SUM(J12*K12*L12)=0,0,IF(SUM(J12*K12*L12)>20,"否","可")) -> 可 | O12: 今のところ問題なし | V12: B | W12: 1 | X12: 1 | Y12: 1 | Z12: =IF(SUM(W12*X12*Y12)=0,0,IF(SUM(W12*X12*Y12)<4,"Ⅰ",IF(SUM(W12*X12*Y12)<20,"Ⅱ",IF(SUM(W12*X12*Y12)<37,"Ⅲ","Ⅳ")))) -> Ⅰ | AA12: 43722
A13: =+A12+1 -> 2 | B13: 舞台組み立て | D13: 脚立 | F13: =+様式３!D10 -> 怪我 | H13: 脚立の固定 | J13: =+様式３!E10 -> 1 | K13: =+様式３!F10 -> 1 | L13: =+様式３!G10 -> 1 | M13: =+様式３!H9 -> Ⅰ | N13: =IF(SUM(J13*K13*L13)=0,0,IF(SUM(J13*K13*L13)>20,"否","可")) -> 可 | O13: 今のところ問題なし | V13: B | W13: 1 | X13: 1 | Y13: 1 | Z13: =IF(SUM(W13*X13*Y13)=0,0,IF(SUM(W13*X13*Y13)<4,"Ⅰ",IF(SUM(W13*X13*Y13)<20,"Ⅱ",IF(SUM(W13*X13*Y13)<37,"Ⅲ","Ⅳ")))) -> Ⅰ | AA13: 43722
A14: =+A13+1 -> 3 | B14: =+様式３!A11 -> 照明設置 | D14: =+様式３!C11 -> 照明 | F14: =+様式３!D11 -> 感電 | H14: 手袋着用、照明設置中に電気を流さない | J14: =+様式３!E11 -> 1 | K14: =+様式３!F11 -> 1 | L14: =+様式３!G11 -> 1 | M14: =+様式３!H10 -> Ⅰ | N14: =IF(SUM(J14*K14*L14)=0,0,IF(SUM(J14*K14*L14)>20,"否","可")) -> 可 | O14: 今のところ問題なし | V14: B | W14: 1 | X14: 1 | Y14: 1 | Z14: =IF(SUM(W14*X14*Y14)=0,0,IF(SUM(W14*X14*Y14)<4,"Ⅰ",IF(SUM(W14*X14*Y14)<20,"Ⅱ",IF(SUM(W14*X14*Y14)<37,"Ⅲ","Ⅳ")))) -> Ⅰ | AA14: 43722
A15: =+A14+1 -> 4 | B15: 照明設置 | D15: 頭上への落下物（工具など） | F15: 怪我 | H15: ヘルメットを着用する、照明にチェーンをつけ落下を防ぐ | J15: 1 | K15: 1 | L15: 1 | M15: =+様式３!H11 -> Ⅰ | N15: =IF(SUM(J15*K15*L15)=0,0,IF(SUM(J15*K15*L15)>20,"否","可")) -> 可 | O15: 今のところ問題なし | V15: B | W15: 1 | X15: 1 | Y15: 1 | Z15: =IF(SUM(W15*X15*Y15)=0,0,IF(SUM(W15*X15*Y15)<4,"Ⅰ",IF(SUM(W15*X15*Y15)<20,"Ⅱ",IF(SUM(W15*X15*Y15)<37,"Ⅲ","Ⅳ")))) -> Ⅰ | AA15: 43722
A16: =+A15+1 -> 5 | B16: =+様式３!A12 -> 照明設置 | D16: =+様式３!C12 -> 照明 | F16: =+様式３!D12 -> 火災 | H16: 布など可燃物に触れないようにする、避難経路や客の誘導方法を確認する | J16: =+様式３!E12 -> 1 | K16: =+様式３!F12 -> 1 | L16: =+様式３!G12 -> 3 | M16: =+様式３!H12 -> Ⅰ | N16: =IF(SUM(J16*K16*L16)=0,0,IF(SUM(J16*K16*L16)>20,"否","可")) -> 可 | O16: 今のところ問題なし | V16: B | W16: 1 | X16: 1 | Y16: 1 | Z16: =IF(SUM(W16*X16*Y16)=0,0,IF(SUM(W16*X16*Y16)<4,"Ⅰ",IF(SUM(W16*X16*Y16)<20,"Ⅱ",IF(SUM(W16*X16*Y16)<37,"Ⅲ","Ⅳ")))) -> Ⅰ | AA16: 43722
A17: =+A16+1 -> 6 | B17: =+様式３!A13 -> 客入れ | D17: =+様式３!C13 -> 暗闇 | F17: =+様式３!D13 -> 足元が見えず転倒 | H17: 客灯、誘導灯で足元を照らす | J17: 1 | K17: =+様式３!F13 -> 1 | L17: =+様式３!G13 -> 1 | M17: =+様式３!H13 -> Ⅰ | N17: =IF(SUM(J17*K17*L17)=0,0,IF(SUM(J17*K17*L17)>20,"否","可")) -> 可 | O17: 今のところ問題なし | V17: B | W17: 1 | X17: 1 | Y17: 1 | Z17: =IF(SUM(W17*X17*Y17)=0,0,IF(SUM(W17*X17*Y17)<4,"Ⅰ",IF(SUM(W17*X17*Y17)<20,"Ⅱ",IF(SUM(W17*X17*Y17)<37,"Ⅲ","Ⅳ")))) -> Ⅰ | AA17: 43722
A18: =+A17+1 -> 7 | B18: =+様式３!A14 -> 客出し | D18: =+様式３!C14 -> 暗闇 | F18: =+様式３!D14 -> 足元が見えず転倒 | H18: 客灯、誘導灯で足元を照らす | J18: =+様式３!E14 -> 1 | K18: =+様式３!F14 -> 1 | L18: =+様式３!G14 -> 1 | M18: =+様式３!H14 -> Ⅰ | N18: =IF(SUM(J18*K18*L18)=0,0,IF(SUM(J18*K18*L18)>20,"否","可")) -> 可 | O18: 今のところ問題なし | V18: B | W18: 1 | X18: 1 | Y18: 1 | Z18: =IF(SUM(W18*X18*Y18)=0,0,IF(SUM(W18*X18*Y18)<4,"Ⅰ",IF(SUM(W18*X18*Y18)<20,"Ⅱ",IF(SUM(W18*X18*Y18)<37,"Ⅲ","Ⅳ")))) -> Ⅰ | AA18: 43722
A19: =+A18+1 -> 8 | B19: =+様式３!A15 -> 片付け | D19: =+様式３!C15 -> 頭上への落下物（工具など） | F19: =+様式３!D15 -> 怪我 | H19: ヘルメット着用 | J19: =+様式３!E15 -> 1 | K19: =+様式３!F15 -> 1 | L19: 1 | M19: =+様式３!H15 -> Ⅰ | N19: =IF(SUM(J19*K19*L19)=0,0,IF(SUM(J19*K19*L19)>20,"否","可")) -> 可 | O19: 今のところ問題なし | V19: B | W19: 1 | X19: 1 | Y19: 1 | Z19: =IF(SUM(W19*X19*Y19)=0,0,IF(SUM(W19*X19*Y19)<4,"Ⅰ",IF(SUM(W19*X19*Y19)<20,"Ⅱ",IF(SUM(W19*X19*Y19)<37,"Ⅲ","Ⅳ")))) -> Ⅰ | AA19: 43722
A21: =+A19+1 -> 9 | B21: =+様式３!A16 -> 0 | D21: =+様式３!C16 -> 0 | F21: =+様式３!D16 -> 0 | J21: =+様式３!E16 -> 0 | K21: =+様式３!F16 -> 0 | L21: =+様式３!G16 -> 0 | M21: =+様式３!H16 -> 0 | N21: =IF(SUM(J21*K21*L21)=0,0,IF(SUM(J21*K21*L21)>20,"否","可")) -> 0 | Z21: =IF(SUM(W21*X21*Y21)=0,0,IF(SUM(W21*X21*Y21)<4,"Ⅰ",IF(SUM(W21*X21*Y21)<20,"Ⅱ",IF(SUM(W21*X21*Y21)<37,"Ⅲ","Ⅳ")))) -> 0 | AA21: =+様式３!J16 -> 0
A22: =+A21+1 -> 10 | B22: =+様式３!A17 -> 0 | D22: =+様式３!C17 -> 0 | F22: =+様式３!D17 -> 0 | J22: =+様式３!E17 -> 0 | K22: =+様式３!F17 -> 0 | L22: =+様式３!G17 -> 0 | M22: =+様式３!H17 -> 0 | N22: =IF(SUM(J22*K22*L22)=0,0,IF(SUM(J22*K22*L22)>20,"否","可")) -> 0 | Z22: =IF(SUM(W22*X22*Y22)=0,0,IF(SUM(W22*X22*Y22)<4,"Ⅰ",IF(SUM(W22*X22*Y22)<20,"Ⅱ",IF(SUM(W22*X22*Y22)<37,"Ⅲ","Ⅳ")))) -> 0 | AA22: =+様式３!J17 -> 0
A23: =+A22+1 -> 11 | B23: =+様式３!A18 -> 0 | D23: =+様式３!C18 -> 0 | F23: =+様式３!D18 -> 0 | J23: =+様式３!E18 -> 0 | K23: =+様式３!F18 -> 0 | L23: =+様式３!G18 -> 0 | M23: =+様式３!H18 -> 0 | N23: =IF(SUM(J23*K23*L23)=0,0,IF(SUM(J23*K23*L23)>20,"否","可")) -> 0 | Z23: =IF(SUM(W23*X23*Y23)=0,0,IF(SUM(W23*X23*Y23)<4,"Ⅰ",IF(SUM(W23*X23*Y23)<20,"Ⅱ",IF(SUM(W23*X23*Y23)<37,"Ⅲ","Ⅳ")))) -> 0 | AA23: =+様式３!J18 -> 0
A24: =+A23+1 -> 12 | B24: =+様式３!A19 -> 0 | D24: =+様式３!C19 -> 0 | F24: =+様式３!D19 -> 0 | J24: =+様式３!E19 -> 0 | K24: =+様式３!F19 -> 0 | L24: =+様式３!G19 -> 0 | M24: =+様式３!H19 -> 0 | N24: =IF(SUM(J24*K24*L24)=0,0,IF(SUM(J24*K24*L24)>20,"否","可")) -> 0 | Z24: =IF(SUM(W24*X24*Y24)=0,0,IF(SUM(W24*X24*Y24)<4,"Ⅰ",IF(SUM(W24*X24*Y24)<20,"Ⅱ",IF(SUM(W24*X24*Y24)<37,"Ⅲ","Ⅳ")))) -> 0 | AA24: =+様式３!J19 -> 0
A25: =+A24+1 -> 13 | B25: =+様式３!A20 -> 0 | D25: =+様式３!C20 -> 0 | F25: =+様式３!D20 -> 0 | J25: =+様式３!E20 -> 0 | K25: =+様式３!F20 -> 0 | L25: =+様式３!G20 -> 0 | M25: =+様式３!H20 -> 0 | N25: =IF(SUM(J25*K25*L25)=0,0,IF(SUM(J25*K25*L25)>20,"否","可")) -> 0 | Z25: =IF(SUM(W25*X25*Y25)=0,0,IF(SUM(W25*X25*Y25)<4,"Ⅰ",IF(SUM(W25*X25*Y25)<20,"Ⅱ",IF(SUM(W25*X25*Y25)<37,"Ⅲ","Ⅳ")))) -> 0 | AA25: =+様式３!J20 -> 0
A26: =+A25+1 -> 14 | B26: =+様式３!A21 -> 0 | D26: =+様式３!C21 -> 0 | F26: =+様式３!D21 -> 0 | J26: =+様式３!E21 -> 0 | K26: =+様式３!F21 -> 0 | L26: =+様式３!G21 -> 0 | M26: =+様式３!H21 -> 0 | N26: =IF(SUM(J26*K26*L26)=0,0,IF(SUM(J26*K26*L26)>20,"否","可")) -> 0 | Z26: =IF(SUM(W26*X26*Y26)=0,0,IF(SUM(W26*X26*Y26)<4,"Ⅰ",IF(SUM(W26*X26*Y26)<20,"Ⅱ",IF(SUM(W26*X26*Y26)<37,"Ⅲ","Ⅳ")))) -> 0 | AA26: =+様式３!J21 -> 0
A27: =+A26+1 -> 15 | B27: =+様式３!A22 -> 0 | D27: =+様式３!C22 -> 0 | F27: =+様式３!D22 -> 0 | J27: =+様式３!E22 -> 0 | K27: =+様式３!F22 -> 0 | L27: =+様式３!G22 -> 0 | M27: =+様式３!H22 -> 0 | N27: =IF(SUM(J27*K27*L27)=0,0,IF(SUM(J27*K27*L27)>20,"否","可")) -> 0 | Z27: =IF(SUM(W27*X27*Y27)=0,0,IF(SUM(W27*X27*Y27)<4,"Ⅰ",IF(SUM(W27*X27*Y27)<20,"Ⅱ",IF(SUM(W27*X27*Y27)<37,"Ⅲ","Ⅳ")))) -> 0 | AA27: =+様式３!J22 -> 0
A28: =+A27+1 -> 16 | B28: =+様式３!A23 -> 0 | D28: =+様式３!C23 -> 0 | F28: =+様式３!D23 -> 0 | J28: =+様式３!E23 -> 0 | K28: =+様式３!F23 -> 0 | L28: =+様式３!G23 -> 0 | M28: =+様式３!H23 -> 0 | N28: =IF(SUM(J28*K28*L28)=0,0,IF(SUM(J28*K28*L28)>20,"否","可")) -> 0 | Z28: =IF(SUM(W28*X28*Y28)=0,0,IF(SUM(W28*X28*Y28)<4,"Ⅰ",IF(SUM(W28*X28*Y28)<20,"Ⅱ",IF(SUM(W28*X28*Y28)<37,"Ⅲ","Ⅳ")))) -> 0 | AA28: =+様式３!J23 -> 0
A29: =+A28+1 -> 17 | B29: =+様式３!A24 -> 0 | D29: =+様式３!C24 -> 0 | F29: =+様式３!D24 -> 0 | J29: =+様式３!E24 -> 0 | K29: =+様式３!F24 -> 0 | L29: =+様式３!G24 -> 0 | M29: =+様式３!H24 -> 0 | N29: =IF(SUM(J29*K29*L29)=0,0,IF(SUM(J29*K29*L29)>20,"否","可")) -> 0 | Z29: =IF(SUM(W29*X29*Y29)=0,0,IF(SUM(W29*X29*Y29)<4,"Ⅰ",IF(SUM(W29*X29*Y29)<20,"Ⅱ",IF(SUM(W29*X29*Y29)<37,"Ⅲ","Ⅳ")))) -> 0 | AA29: =+様式３!J24 -> 0
A30: =+A29+1 -> 18 | B30: =+様式３!A25 -> 0 | D30: =+様式３!C25 -> 0 | F30: =+様式３!D25 -> 0 | J30: =+様式３!E25 -> 0 | K30: =+様式３!F25 -> 0 | L30: =+様式３!G25 -> 0 | M30: =+様式３!H25 -> 0 | N30: =IF(SUM(J30*K30*L30)=0,0,IF(SUM(J30*K30*L30)>20,"否","可")) -> 0 | Z30: =IF(SUM(W30*X30*Y30)=0,0,IF(SUM(W30*X30*Y30)<4,"Ⅰ",IF(SUM(W30*X30*Y30)<20,"Ⅱ",IF(SUM(W30*X30*Y30)<37,"Ⅲ","Ⅳ")))) -> 0 | AA30: =+様式３!J25 -> 0
A31: =+A30+1 -> 19 | B31: =+様式３!A26 -> 0 | D31: =+様式３!C26 -> 0 | F31: =+様式３!D26 -> 0 | J31: =+様式３!E26 -> 0 | K31: =+様式３!F26 -> 0 | L31: =+様式３!G26 -> 0 | M31: =+様式３!H26 -> 0 | N31: =IF(SUM(J31*K31*L31)=0,0,IF(SUM(J31*K31*L31)>20,"否","可")) -> 0 | Z31: =IF(SUM(W31*X31*Y31)=0,0,IF(SUM(W31*X31*Y31)<4,"Ⅰ",IF(SUM(W31*X31*Y31)<20,"Ⅱ",IF(SUM(W31*X31*Y31)<37,"Ⅲ","Ⅳ")))) -> 0 | AA31: =+様式３!J26 -> 0
A32: =+A31+1 -> 20 | B32: =+様式３!A27 -> 0 | D32: =+様式３!C27 -> 0 | F32: =+様式３!D27 -> 0 | J32: =+様式３!E27 -> 0 | K32: =+様式３!F27 -> 0 | L32: =+様式３!G27 -> 0 | M32: =+様式３!H27 -> 0 | N32: =IF(SUM(J32*K32*L32)=0,0,IF(SUM(J32*K32*L32)>20,"否","可")) -> 0 | Z32: =IF(SUM(W32*X32*Y32)=0,0,IF(SUM(W32*X32*Y32)<4,"Ⅰ",IF(SUM(W32*X32*Y32)<20,"Ⅱ",IF(SUM(W32*X32*Y32)<37,"Ⅲ","Ⅳ")))) -> 0 | AA32: =+様式３!J27 -> 0
A33: =+A32+1 -> 21 | B33: =+様式３!A28 -> 0 | D33: =+様式３!C28 -> 0 | F33: =+様式３!D28 -> 0 | J33: =+様式３!E28 -> 0 | K33: =+様式３!F28 -> 0 | L33: =+様式３!G28 -> 0 | M33: =+様式３!H28 -> 0 | N33: =IF(SUM(J33*K33*L33)=0,0,IF(SUM(J33*K33*L33)>20,"否","可")) -> 0 | Z33: =IF(SUM(W33*X33*Y33)=0,0,IF(SUM(W33*X33*Y33)<4,"Ⅰ",IF(SUM(W33*X33*Y33)<20,"Ⅱ",IF(SUM(W33*X33*Y33)<37,"Ⅲ","Ⅳ")))) -> 0 | AA33: =+様式３!J28 -> 0
... A62: =+A61+1 -> 50 | B62: =+様式３!A57 -> 0 | D62: =+様式３!C57 -> 0 | F62: =+様式３!D57 -> 0 | J62: =+様式３!E57 -> 0 | K62: =+様式３!F57 -> 0 | L62: =+様式３!G57 -> 0 | M62: =+様式３!H57 -> 0 | N62: =IF(SUM(J62*K62*L62)=0,0,IF(SUM(J62*K62*L62)>20,"否","可")) -> 0 | Z62: =IF(SUM(W62*X62*Y62)=0,0,IF(SUM(W62*X62*Y62)<4,"Ⅰ",IF(SUM(W62*X62*Y62)<20,"Ⅱ",IF(SUM(W62*X62*Y62)<37,"Ⅲ","Ⅳ")))) -> 0 | AA62: =+様式３!J57 -> 0
